id,essay,prompt,score,score_predict
1081,"[T]Historias sobre animais
[P]Era umz vez, uma menina que leu um livro
sobre animais de baixo de uma árvore e ela
descobriu que os animais falavam e tanbem
as zebras, e lefantes, leãos, crocodilos e hinpopótamo
e os animais foram atras de água e os elefantes
foram atras de água e com seguiram achar águas
e todos viveram felizes para sempre.","Eu encontrei em cima do armário alguns potes com tinta. Então resolvi pintar na parede do meu quarto alguns animais. Tempo depois, quando voltei no quarto, não havia mais nenhuma pintura e as roupas da gaveta estavam espalhadas pelo chão.",5.0,8.259645
117,"[?]
Eu e minha irmã decidimos fazer desenhos. Primeiro eu com
minha mente criativa comecei desenhando um linda paisagem 
então minha irmã quis desenhar na parede e ela se inspiro
u [X] animais istintos a muitos anos. então eu decidi fazer
mais desenhos. Dessa vez decidi também desenharna parede.
Mas então lembrei que a tinta era permanente . Então come
cei a tentar esfregar com força. Fiz com tanta força que mi-
nha mão ficou vermelha e dolorida e então minha irmã 
começou a me ajudar a esfregar. Então nossa mãe viu e eu 
e minha irmã tentamos nos explicar, mais ela disse super
calma:
-meninas, não preocupem eu vim dar a noticia que iriam 
pintar a casa. Nessa hora eu tive um alivio imediato e minha irmã tambem. Então quando terminaram a pintura eu e mi
nha irmã aprendemos ema lição, que não devemos fazer tu-
do que pensamos. No dia seguinte pedimos para nossa mãe com-
prar tinta, pois havia acabado naquele dia, então quando ela chegou em casa nós fomos correndo na direção dela e ela havia comprado
apenas as tinats das cores azul, amarelo e vermelho, então pensei 
que os desenhos picariam feios e sem cores mais minha irmã disse:
-Ana nós podemos misturar cores e formamos outras cores. Então eu
disse para ela:
-Verdade! você é um gênio. Então eu comecei a desenhar frutas 
e ela quis desenhar as princesas da disney.","Eu encontrei em cima do armário alguns potes com tinta. Então resolvi pintar na parede do meu quarto alguns animais. Tempo depois, quando voltei no quarto, não havia mais nenhuma pintura e as roupas da gaveta estavam espalhadas pelo chão.",6.5,8.487362
46,"Chovia muito naquele dia, com trovões muito
altos, vindos do ceu. E depois que a chuva passou,
encontrei no quintal da minha casa
uma pedra muito brilhante. Era um
diamante.","Chovia muito naquele dia, com trovões muito altos, vindos do céu. E depois que a chuva passou, encontrei no quintal da minha casa uma pedra muito brilhante.",6.0,9.832879
1044,"[T]A unina pintora tinha uma ga
[?]
[P]tora ela tinha uma amiga que
Chamava Larisa, ela tinha inveija de 
tudo que [S] ela tin a, ela queria ter.
[?]
Conseguiu Um Computador, é logico que tudo
[P]que a Larisa tinha, a amiga pintora [?]
tinha, ela não gostava da amiga dela
de geito nenhum, ela fazia de tudo para
acabar com a sua fama Mas, não consigia
ate que um dia, a sua amiga invejosa
fez Um plano para acabar com a sua
fama , ela planeijau, que ela falace para 
seus fam, que ela sofreu asidente , e que
não podia desenha e Nem fazer quadros
para vender, e ta nbém Não podia i em
shou para vemder e Nem para tirar foto
pasaram augus dias, e ela ficou sabemdo 
de tudo , ate que ela acabou contando 
para seu fans armarem um plano, e tudo
carreu Muito serto. ate que a sua amiga
inveijosa pediu descupa , por tudo que 
ela tinha fazido. ate que todos os
fam falaram para não aseitar a lescupa
dela , mas a sua amiga pintora largou
todos is fans . para ficar Com
sua. amiga inveijosa , a sua
[P]ga inveijosa pediu descupa [?]
[?] que ela fez [?] e [?] eito fim","Eu encontrei em cima do armário alguns potes com tinta. Então resolvi pintar na parede do meu quarto alguns animais. Tempo depois, quando voltei no quarto, não havia mais nenhuma pintura e as roupas da gaveta estavam espalhadas pelo chão.",5.5,7.98102
201,"[T] A MENINA E A TINTA
[P] [X] EU ENCONTREI WM CIMA DO ARMÁRIO ALGUNS
POTES COM TINTA ENTÃO, RESOLVI PINTAR NA PAREDE DO 
MEU QUARTO, NÃO HAVIA MAIS NENHUMA PINTURAS E AS [?]
DA GAVETA ESTAVAM ESPALHADA PELO CHÃO.
[P] MAIS SÓ QUA A MENINA BRINCAVA MUITO, MAIS 
ELA ERA MUITO BOZINHA COM A MÃE DELA.
[P] A MENINA PEGOU TODAS TINTA PARA ELA BRINCAR .
MAIS A HORA QUE A MÃE DELA FALOU
QUE ERA PARA GUARDA MAIS ELA. NÃO QUIS QUARDA E A MÃE 
E A MÃE DELA PEGOU E GUARDO PARA ELA COMER SE NÃO 
ELA NÃO VAI COMER A COMIDA ELA VAI QUERER BRINCAR 
[P] ANTES DELA COMER A MÃE DELA FALOU PARA ELA
COMER TUDO
[P] E ELA FOI COMER A COMIDA E ELA COMEU TUDO
EI DEPOIS A MÃE DEVOLVEU A TINTA DE PARA ELA BRINCR 
E DEPOIS E ELA FOI DURMI E ACORDOU OUTRO DIA E ELA
DORMIU BASTANTE E DEPOIS QUE ELA ACORDOU ELA FOI TOMAR 
CAFE DEPOIS [X] DEPOIS FOI BRINCAR NO  BLANÇO E DEPOIS 
FOI NA CASA DA SUA VÔ COM A PRIMA DELA E ELA ESQUECEU 
A TINTA QUE SUA MÃE GUARDOU ELA FOI DORMIR NA CASA
DA SUA AMIGA E DEPOIS NO OUTRO DIA ELA FALOU PARA SUA 
MAÊ TE BUSCAR QUE ELA FICOU COM MEDO DE IR EM BORA 
SOZINHA E DEPOIS QUE ELA. CHEGOO EM CASA ELA PEDIU DESCUPA PARA MÃE 
E A SUA MÃE FALOU DESCULPADO NÃO FAZ MAIS ISSO E
MUITO FEIO ISSO PARA MÃE.
E ELAS FOI NA PICSINA FELIZ PARA SEMPRE.","Eu encontrei em cima do armário alguns potes com tinta. Então resolvi pintar na parede do meu quarto alguns animais. Tempo depois, quando voltei no quarto, não havia mais nenhuma pintura e as roupas da gaveta estavam espalhadas pelo chão.",6.0,8.06168
795,"[T] Tirtas
minha mãe comprou muitas
tirtas no meu aniversario no
começo achei chato depois que as
minhas amigas orão ibora eu 
fui para cama no outro dia fui 
e veros os presentes eu amei!
esepresste o que eu mais queria
uma lol filha e voce viu opre
sete que eu dei sim mais eu
nõa gostei depois de muitos
dias todos os briquedos tinha
sumido ounico briqueo foi
astirtas ela falo eu vo pirta
a Parede do meu quato [X]
ideich","Eu encontrei em cima do armário alguns potes com tinta. Então resolvi pintar na parede do meu quarto alguns animais. Tempo depois, quando voltei no quarto, não havia mais nenhuma pintura e as roupas da gaveta estavam espalhadas pelo chão.",6.0,7.9008913
267,"[T] A historia da nimi
ela gosta. de pimtar. ella desenhou. no
cuarto de la animais e les tem vida
ele comesaro  ando pelo [X] [?] 
a mimi ia [X] procuarto e la abriu a
porta e ela viu o umimau [X]  [?]
eles ficaro dindo ela ela a cordou ela 
dis o qe qe a com diuseu ela [X] dise emesmo
ela dise o","Eu encontrei em cima do armário alguns potes com tinta. Então resolvi pintar na parede do meu quarto alguns animais. Tempo depois, quando voltei no quarto, não havia mais nenhuma pintura e as roupas da gaveta estavam espalhadas pelo chão.",4.5,7.9157715
418,"[T] Animais magicos 
[P] Então ela foi arrumar a bagunsa antes que sua mãe chegase.
Quando ela estava na metade de terminar, e ela escuta os pra-
tos quebrando e sua mãe chegando da compra, então ela correu
para dizer oque estava acontecendo.
[P] Quando ela viu  sua mãe disse: — Mãe tem um monstro no
meu quarto e na casa toda e também apagou o desenho que eu fiz
no meu quarto, quando ela disse isso ela correu para dentro de
casa, quando ela olha para ensima do armario e diz para a
filha dela: — você pegou unas tintas estava ensima do  armario e a
filha dela disse que sim 
[P] Então a mãe dela disse que as tintas som magicas e perguntou 
o que ela desenhou e ela disse que foi varios animais, quando 
ela disse isso corri para fazer comida porque eles saiam em-
bora se eles tivesem sem fome aguma
 [P] Quando a mãe dela terminou de fazer a levou a filha
dela embora de casa e tinha que pasar um dia fora para
os animais irem embora, quando foi no outro dia elas
voutaram para casa, quando foi no outro dia elas
então ela jogou o pote de tinta no lixo e elas viveram 
felizes para sempre.","Eu encontrei em cima do armário alguns potes com tinta. Então resolvi pintar na parede do meu quarto alguns animais. Tempo depois, quando voltei no quarto, não havia mais nenhuma pintura e as roupas da gaveta estavam espalhadas pelo chão.",7.5,8.230191
1017,"[T]A menina e a arte 
Era uma vez uma menina 
Que tinha 10 anos e ela amava Pintar 
Ela Pintava as Paredes ela Pintava 
O chão ia as camisas Branca. 
um dia acabou! todas as tintas
e a menina foi Pedir a 
sua mãe! mamãe me der dinheiro 
a mãe disse: claro mais Para que 
filha Para mim Pintar mamãe 
a mamãe mim desculpe: Pintei 
todas as nossas camisas Brancas 
a mãe disse: deixa mim ver 
a mãe n]ao ficou Brava a mãe 
achou o desenho lindo ! Porque 
a mãe, disse: filha eu amei
Porque? eu achava as camisas
Brancas Sem graça e filha 
vou compra mais camisas Brancas 
[?] a filha disse: Obrigada 
[?] [?] é a melhor obrigada
e [?] nas camisas e até vendeu
[?] ate um estilista de Roupas foi la e 
as Roupas e fez um Sucesso fim.","Eu encontrei em cima do armário alguns potes com tinta. Então resolvi pintar na parede do meu quarto alguns animais. Tempo depois, quando voltei no quarto, não havia mais nenhuma pintura e as roupas da gaveta estavam espalhadas pelo chão.",6.5,7.8738327
446,"[T] As pinturas misteriosas
[P] Eu encontrei no canto do meu quintal um balde de
tinta e resolvi fazer quadros de animais na sala
com meu irmão de 8 anos. Quando eu terminei eu e 
o meu irmão fomos beber água, quando voltamos, os
animais tinham saído. Eles tinham comido todas as
plantas da horta e do quintal, toda comida da
geladeira. Eu e meu irmão saímos para comprar
de carro, quando chegamos no mercado os animais
tinham nos perseguido, os guardas não conseguirão
os animais, e eles destruíram o mercado.
Depois chegaram 100 policiais e conseguiram pegar
os animais e eu recebi uma multa de 10.000 reais 
por deixar os animais soltos na cidade, depois os
mas voltaram a ser pinturas para sempre.","Eu encontrei em cima do armário alguns potes com tinta. Então resolvi pintar na parede do meu quarto alguns animais. Tempo depois, quando voltei no quarto, não havia mais nenhuma pintura e as roupas da gaveta estavam espalhadas pelo chão.",6.5,8.677858
786,"[T] Tinta misteriosa
[P] Certo dia eu resolvi pegal allgumar tintas que
eu tinha em casa para pintar animais na pa-
rede do meu quarto, ficou lindo! Fui fazer um lan-
che e quando voltei os desenhos não estavam
na parede e minhas roupas estavam espalha-
das por toda parte, achei isso muito estranho,
pensei que a Livia tinha fato a bagunça, então
fui brigar com ela, quando cheguei no quarto
dela ela estava dormindo. Como já estava tar-
de, resolvi arrumar meu quarto e ir dormir
[P] Já era outro dia, estava super confusa, en-
tão fiz os desenhos novamente, fui para a casa
da minha vó, mas deixei meu celular filman-
do pois estava muito curiosa.
[P] Quando voltei fui correndo ver o vídeo, vo-
cê nem imagina o que eu vi, sabe o que é? Uma
pintora a Tarcila do Amaral, ela saiu da bor-
boleta que pintei e foi procurar uma roupa que
servisse nela para não sujar sua roupa e pin-
tar os desenhos que desmanchou, mas cheguei bem
na hora e ela sumiu! Fiquei impresisonada!
[P] Nunca mais vou usar aquelatinta! Que 
me sirva de lição!","Eu encontrei em cima do armário alguns potes com tinta. Então resolvi pintar na parede do meu quarto alguns animais. Tempo depois, quando voltei no quarto, não havia mais nenhuma pintura e as roupas da gaveta estavam espalhadas pelo chão.",7.5,8.760747
127,"[?] que     pintar seu quarto todo junto 
um [?] uma menina encontrou alguns potes de tintas enormes [?]
ela solveu chama sua amiga para ir na casa dela pintar
dela todo, quando a amiga da menina chegou na casa dela, elas
foram [?] para o quarto da menina, chegando no qu[?]
menina das duas comesaram a retirar as coisas [?] ,
elas comesaram retirando as coisas e menores e menos pesadas
depois pelas coisas mais grandes , pesadas, mas como elas
não tinham muita força [?] menina chamou o pai dela para ajudalas
retirando as coisas [?]  grandes e pesadas, eles decidiram tirar
primeiro o armário ai [?] decidiram retirar depois[?] cama e a 
estante, depois que eles retiraram   armário, eles foram desmonta a
cama, depois que eles desmontaram a cama , eles pegaram as peças
da cama e levaram para a sala de estar, depois eles desmontaram
a estante e levaram tudo lá para a sala , ai o pai da menina
quis ajuda elas duas a pintar o quarto, então eles comesaram a
pintar o quarto todo de roxo e petro as cores favoritas da 
 17 menina","Eu encontrei em cima do armário alguns potes com tinta. Então resolvi pintar na parede do meu quarto alguns animais. Tempo depois, quando voltei no quarto, não havia mais nenhuma pintura e as roupas da gaveta estavam espalhadas pelo chão.",6.0,8.000774
540,"[T] Julia e suas tintas
[P] Era uma vez uma [x] que se
chamava Julia seus pais tinha saído e ela estava
sozinha em casa Mas antes de seus pais sai sua
mãe disse.
- Julia filha se você senti fome tem comida
no armario e no fugão e na jeladeira ok.
- ok mão. 
Então seus pais saíram e ela ficou mechendo no
celular dela, depois de umas 3 horas ela começou a senti
fome então ela abriu o armario e não achou comida
so umas 12 tintas então ela começou a pinta
todo o quarto e foi procura comida na geladeira
e deichou a tinta secando e foi esquenta a comida
da geladeira e de pois de comer ela foi no quarto
ve se as tintas já tinha secado então quando ela 
chegou no quarto ela fiu todas as roupas dela
jogada no chão e ela começou a arruma as
roupas mais as tinta já tinha secado então
quando os [x] dela chegou eles disse.
-o que aconteceu a qui?
[x] disse tudo o que a conteceu e os pais dela
entendeu e não brigou com ela.","Eu encontrei em cima do armário alguns potes com tinta. Então resolvi pintar na parede do meu quarto alguns animais. Tempo depois, quando voltei no quarto, não havia mais nenhuma pintura e as roupas da gaveta estavam espalhadas pelo chão.",7.0,8.073378
194,"[T] A BAGUNÇA
EU E MEU PRIMO ESTAVAMOS ENTE
DIADOS E PROCURAMOS NO GUARDA ROUPA E 
ENCIMA DO GUARDA ROUPA E ACHAMOS 10
POTES DE TINTA E TIVEMOS A IDEIA DE PIN
TAR A PAREDE E A PORTA DE ANIMAIS
AI MINHA MÃE AI ELA PEDIU PARA EU
EU E MEU PRIMO IR NA PADARIA TEMPO
DEPOIS QUAMDO VOLTAMO MINHA MÃE
FALOU PARA AGENTE COMER AI QUANDO
VOLTAMOS PRO QUARTO A PAREDE E A PORTA
LIMPINHA AI FICAM OS PESANDO QUEM LIPOU
AI ESCUTAMOS UM BARULHO NO QUINTAL
QUANDO FOMOS OLHAR A JANELA NÃO TINHA
NADA AI FOMOS ARRUMAE O QUARTO QUANDO
TERMINAMOS MINHA MÃE ENTROU NO
QUARTO ELA FICOU ORGULHOSA EM VER O
QUARTO LIMPO FOMOS JOGAR NO CELULAR E
DEPOIS FOMOS DORMIR.","Eu encontrei em cima do armário alguns potes com tinta. Então resolvi pintar na parede do meu quarto alguns animais. Tempo depois, quando voltei no quarto, não havia mais nenhuma pintura e as roupas da gaveta estavam espalhadas pelo chão.",6.5,7.6499662
550,"[T] Lindo dia para brincar de Pintura
[P] Em um belo dia eu estava com minha prima, então nós decidimos ir para
casa dela para brincar de boneca, alguns minutos depois a minha tia perguntou se
nós duas queriamos tomar banho de piscina , nós duas aceitamos ai eu não tinha roupa 
e minha prima mim emprestou, então pegamos alguns brinquedos que pode molhar  e levamos
para  a piscina para brincar e se divertir, tomamos banho por algumas horas, então
Chegou o horário do almoço, ela tomou banho no chuveiro, depois dela era a minha vez e 
então trocamos de roupa e fomos comer  e tinha tantas coisas gostosas como arroz, feijão,
macarrão, lasanha, e farofa com bacon, logo peguei o prato  e coloquei a comida depois
que nós terminamos Chegou o momento da sobremesa que era um bolo de sabor prestigio,
tava uma delicia, demoramos um pouco  e fomos jogar alguns jogos legais, depois
de jogar tivemos que tomar outro banho por conta do suor, tinha passado bastante tempo,
e já estava ficando escuro e minha prima teve a brilhante ideia de mim Chamar
para dormi na casa dela, então rapidamente liguei para minha mãe Para Pedir
então fui em casa buscar um Pijama para dormi la na casa dela ai ela teve a 
ideia de fazer uma noite do pijama, Comemos pipoca, pirulitos, balas, Gelatina, algudam
doce e bebendo refrigerante  e suco , ela colocou um filme então estava bem tarde ai
fomos dormi, no outro dia fui bem Cedinho para casa porque ela estava limpando a Casa
então fui ajudar ela nas [X] de casa  Como varrer, [X] pano, lavar  a loça,
quando terminei fui assistir televisão, então minha mãe mim Chamou para comer e é
Obviamente que eu amo a comida mãe depois fui dormir um pouco quando acordei
eu estava toda suada e minha mãe mandou eu tomar banho Por Conta do Calor,
então eu fui tomar banho para mim se [X] e ficar bem limpinha então
mais tarde um tempinho depois minha prima foi na minha casa chamando para
ir para shopping comprar algumas coisas por exemplo: roupa, sandálias,
e outras coisas quando chegamos fui limpar armário que tinha poeira
e cahei alguns potes de tintas e resolvi pintar a parede do meu quarto algumas
figuras de animais fui lavar a mão e quando voltei não avia pintura
nenhuma e as roupas estavam [x] pelo chão em fim era somente um
sonho inesquecivel","Eu encontrei em cima do armário alguns potes com tinta. Então resolvi pintar na parede do meu quarto alguns animais. Tempo depois, quando voltei no quarto, não havia mais nenhuma pintura e as roupas da gaveta estavam espalhadas pelo chão.",6.5,7.891846
930,"[T] o acampamento
[P] teve um dia que eu e minha familha fomos acampar la na
E meu primeiro acampamento então eu estava muito feliz e animada!
para comprar algumas coisas como refrigerante, marchimelom para açar
etc. depois de um tenpinho no super mercado, cerca de ums 30 minutos 
na estrada, chegamos lá na travessia compramos a fichinha e espera
graças a deus vemos que estavamos na barca errada e dessemos a
dessendo da barca com um monte de coisas e o culer - mais ai
chegar, dessa vez a certa, nisso a gente subio e atravessamos cheg
e vamos pra o lugar que a minha tia estava porque ela tinh
pegar um lugar com a localidade Boa. logo quando eu cheg
[?] uma ilha e ao redor era so água do rio e la na ilh
não tinha nem um Banheiro So mato, a quase que ia me esquecendo
Barro nela morava uma senhora e um Senhor. a casinha era
deles eles são muito emportante na Historia. voltando chegamos l
montamos as Barracas e ficamos la quando chuegou de noite fomos
madrugada eu acordei com um presentimento muito ruim como
estava dormino for da Barraca eu chamei a minha para gente ir
te foi e voltamos a dormi, quando foi por voltas das 2 Horas da ma
[?]","Eu encontrei em cima do armário alguns potes com tinta. Então resolvi pintar na parede do meu quarto alguns animais. Tempo depois, quando voltei no quarto, não havia mais nenhuma pintura e as roupas da gaveta estavam espalhadas pelo chão.",5.5,7.9985437
4,"	Em um dia normal no meu quintal tava
chovendo muito, e tava escorregando muito depois
da chuva passa fui no meu quintal com meu
irmão e la achamos uma pedra brilhante ela
era muito bonita levei ela pra dentro de
casa pra descobrir aqui se tratava <i> um
mês tentando descobrir e acabei descobrindo que
essa pedra era rara.","Chovia muito naquele dia, com trovões muito altos, vindos do céu. E depois que a chuva passou, encontrei no quintal da minha casa uma pedra muito brilhante.",7.5,9.245925
782,"[T] Sitiu magico
[P] Umdia eu fui no sitio láue leite minha mãe eu viu
Cavalo eu subi ardei muito depois fui brica com [X]
prima Alice ai agete viu uma abelha e [X] boi de pois
fui nupe di açai apanhei agus açai foi legau dimais
[P] Ai notrodia fui purriu briquei di mais de pois comi
galinha cuzida de pois fui dormi detardi fui pescar
tanben tomei açai dimais na janta cumi pexe assadu
Cuni de pois fui dorne no outro dia fui conhese un
lago com Alice a mamãe dei comida pros pexe dei
comida pras galinha.
[P] Ai fui bebe agua di cocó depois fui arruma
ninhas rropas prai enbora porque eu tava ficando
doente mas foi legau.","Eu encontrei em cima do armário alguns potes com tinta. Então resolvi pintar na parede do meu quarto alguns animais. Tempo depois, quando voltei no quarto, não havia mais nenhuma pintura e as roupas da gaveta estavam espalhadas pelo chão.",6.0,7.5956416
1109,"[T]Os animais e a menina
Os animais que eu tinha Desenhado eram tigre e macaco 
 eu ouvi uma voz de dentro do banheiro falando 
- Oi quem é você? 
- e logo depois veio uma voz mais fina falando 
- Oi meu nome é Pedro e qual e o seu 
- Oi meu nome é João 
Depois disso eu abri a porta e percebi que João era um 
tigre E Pedro era um macaco e esqueci de falar meu 
nome e Ana. Olhei mais para João e percebi foi ele que 
mexeu com as minhas roupa porque tiha pedaço das
minhas roupas nas patas dele eu peguei meu celular e chamei 
a policia a que eu estava sosinha expliquei oque tava
acontecendo eles mandaram duas viaturas os animais 
ouviram a cirene ele tentaram fugir mas não deram 
conta a policia pego eles mas eles sumiram e o
desenho logo voutol pra parede eu não perdi tempo 
e apaguei e isso nunca mais aconteceu","Eu encontrei em cima do armário alguns potes com tinta. Então resolvi pintar na parede do meu quarto alguns animais. Tempo depois, quando voltei no quarto, não havia mais nenhuma pintura e as roupas da gaveta estavam espalhadas pelo chão.",8.5,8.166124
364,"[T] A paisagen
um dia eu queria sobir o morro e vi uma paisagen é como se eu 
tivesse em um livro era como se tudo aquilo fosse uma h[X] historia de 
um livro era como se a folha do livro arrancasse e saisse pelo o vento
e era como se a paisagem fosse parte de mim e eu fosse parte dela 
era como se eu e tivesse-mas uma ligação bem forte [X] tambem ela
era bem linda eu gostava muito dele ela tinha caichoeiras em rio e 
também os animais que que viviam perto delas eles se alimentavam da 
água dela e as pessoas visitavam ela eles tiravan .
fotos e a paisagen era muito ela era muito maravilhosa ela era querida 
por por todos os animais e visitantes ela era de tirar o folego
ela era especial para mim e para todos que a conheciam","Eu encontrei em cima do armário alguns potes com tinta. Então resolvi pintar na parede do meu quarto alguns animais. Tempo depois, quando voltei no quarto, não havia mais nenhuma pintura e as roupas da gaveta estavam espalhadas pelo chão.",5.5,7.939273
26,".As meninas do potes de Tintas [T]
Uma vez eu e minha primas nós encontramos um potes de tintas -
í nós decidimos pintar as paredes dos nosso quartos é nos desenhamos -
e pintamos nos fez nossa familia nossos colegas e nossos professores - 
é nós jogamos roupas para o lado roupas para o outro pintamos - 
até o guarda - roupas e nos melamos tudo e depois nois foi para - 
sala é pintamos tudo é também nossos pais tudo saido e nois - 
ficamos sozinhas então nos pintamos a sala toda e depoís nos duas - 
fomos  para a conzinha é também eu pínteín o meu quintal nos gosta - 
muitos de pinturas nois ama desnha e pinta eu é minha prima - 
Raissa nós pedia muito para nossos pais botar a gente na escola - 
de arte é eles botaram nois na escola de artes é a gente fez muitas -
pinturas é um dia a gente foi chamada para fazer uma obra de artes um -
desenho de uma familia a familia gostou muitos da pintura e depois agente- 
foi chamada para fazer uma pintura num museu por que era Uma - 
inauguração do museu e as pessoas amaram nossa pintura é nos fizemos - 
suseço depois eu fiz meus 15 anos éeu fiz uma festa e o tema era - 
de artes depois eu vireíi artista eu e minha prima é também - 
ela fez os 15 ano delas ela comemorou no museu é eu fiz no colegio - 
Eligio olmeida depois eu é a minha príma nós hoje nós somos muitos - 
feliz pois eu hoje agradeçer a Deus por me dado esse dom.","Eu encontrei em cima do armário alguns potes com tinta. Então resolvi pintar na parede do meu quarto alguns animais. Tempo depois, quando voltei no quarto, não havia mais nenhuma pintura e as roupas da gaveta estavam espalhadas pelo chão.",6.5,8.239315
638,"[T] O livro
[P] Um dia uma menina estva na escola e ela foi na sala de leitura mas
a sala de leitura estava trancada e a menina voltou para sala e a professora
perguntou:
- Na onde você estava mariana?
a menina falou:
- Eu fui na sala de leitura mas estava trancada professora!
a professora falou:
- Mariana você quer um livro para ler agora para seus colegas?
a menina respondeu alegre:
- Sim professora eu vou amar ler para meus colegas!
a professora deu o livro para mariana, e ela leu para seus colegas
[X] Mariana foi fechar o livro as páginas começarão a voar e 
Mariana os colegas e a professora começarão a pular e a professora falou:
- Mariana olha não tem mas folhas pode parar de pular! Mariana falou:
- Para onde as folhas foram? e a professora falou:
- Esse livro é especial! os colegas e mariana falaram: - como assim?
- Gente esse livro ele veio da epoca dos dinossauros e eu comprei!
e um tempo depois eles foram para cas!
FIM.","Eu encontrei em cima do armário alguns potes com tinta. Então resolvi pintar na parede do meu quarto alguns animais. Tempo depois, quando voltei no quarto, não havia mais nenhuma pintura e as roupas da gaveta estavam espalhadas pelo chão.",6.5,7.9041195
255,"[T] A bagunça do meu guarto
[P] Então fui procurar o responsavel pela a bagunça no
meu guarto.
perguntei ao meu pai:
-pai você sabe o que aconteceu no meu guarto?
o pai respondeu:
-não, filho.
eu não precisei de perguntar para o meu irmão e para a
minha mãe, porque eu já encontrei o autor e sabe quem
[X], era o meu gato, o nome dele é chico.","Eu encontrei em cima do armário alguns potes com tinta. Então resolvi pintar na parede do meu quarto alguns animais. Tempo depois, quando voltei no quarto, não havia mais nenhuma pintura e as roupas da gaveta estavam espalhadas pelo chão.",5.5,7.635317
792,"[T] Tintas mágicas
[P] Em um belo dia eu estava no meu quarto sem fa-
zer nada, quando eu tive a ideia de mecher no meu armá-
rio. E achei uns potes de tinta coloridas, e me veio a ideia de
chamar minha prima pra gente pintar. Então a-chamei e
resolvemos fazer animais na parede do meu quarto, fizemos
varios animais.
[P] Tais como: Zebra, Elefante, etc: Depois que pintamos minha,
mãe pediu pra gente ir na vendinha comprar sabão em pó,
quando chegamos em casa minha mãe tinha feito o café da
tarde, e eu e ela sentamos pra comer.
[P] Depois que comemos fomos no quarto para vermos as pintu-
ras, quando chegamos no quarto advinha? os animais não estavam
mais na parede e minhas roupas estavam todas jogadas no
chão, cara que bizzarro.
[P] Será que as tintas são mágicas? disso eu não sei mais
fica a duvida.","Eu encontrei em cima do armário alguns potes com tinta. Então resolvi pintar na parede do meu quarto alguns animais. Tempo depois, quando voltei no quarto, não havia mais nenhuma pintura e as roupas da gaveta estavam espalhadas pelo chão.",7.0,8.767832
856,"[T] [X]
[P]Eu encontrei em cima do armário alguns potes com tinta. Então, 
resolvi pintar na parede do meu quarto animais. Tempo depois, quan-
do voltei no quarto, não havia mas nenhuma pintura e as roupas 
da gaveta estava espalhadas pelo chão. 
[P] E eu rezouvi envestiga então eu estava envestigando
Então eu vi minha mãe linpando a parede eu encomtrei uma [?] X as roupas 
foi o meu cachorro e ele ficou cem paciar uma cemana","Eu encontrei em cima do armário alguns potes com tinta. Então resolvi pintar na parede do meu quarto alguns animais. Tempo depois, quando voltei no quarto, não havia mais nenhuma pintura e as roupas da gaveta estavam espalhadas pelo chão.",5.5,8.983873
488,"[T] Como eu vou pra escola?
[P] Como eu vou pra escola. Eu acordo 5:45
da manhã todos os dias, depois vou toma
banho pra me aruma depois vou toma café.
[P] Ai eu saio pra pegar o onibu, ê 6:35
o onibos chega, eu e os meus primos subimos 
no onibos e mais 4 criança, nois entramo no
km6 paramos depois no km5 ai vamos pegam-
do criança ate na federa.
- ai o motorista fala ta todo mundo
com sinto?
- sim motorista, nos respodemos
ai vomos lá na outra escola deixa ais cri-
ança quando deixamos eles lá a gente vai pra
nossa escola, fecomos e pouquinho lá fora
e quando bate a canpainha nois vamos
pra sala e comessamos a estuda 4 horas
de aula ae depois de augumas horas pate a
canpa do retreio os alunos do presinho do
primeiro ano e do segundo ano, sae pra merenda
sam 15 minutos de retreio depois que e o
teçeiro ano, o quarto ano eo quinto ano.
[P] Ae os 15 minutos se passa e nois vou
tamo pra sala ai as hora ser passa e o
professo de fisica chega pra pega nos pra
educação fisica, ai o professo leva nos
pra caadra pra nos e brinca de queimado
11:30 o onibus chega e e os alunos entram
nele ecluindo eu, vomos na outra escola.
[P] Pegamos os outros alunos fazemos o mesmo
pecuco, e em fem chegamos en casa: FIM","Eu encontrei em cima do armário alguns potes com tinta. Então resolvi pintar na parede do meu quarto alguns animais. Tempo depois, quando voltei no quarto, não havia mais nenhuma pintura e as roupas da gaveta estavam espalhadas pelo chão.",5.5,6.986713
769,"[T] Pinturas ou animais?
[P] Achei que tinha sido menoa mãe mas quando abi o armario
eu vi um crocodilo logo chamei meu irmão o Dudu ele veio corren-
do ele logo viu o crodelilo lle perguntou da onde ele veio eu não sabia
a nossa mãe ela tava indo para para o quarto meu irmão tentou dis-
trair ela mas quando ela chegou o crocodilo desapareceu e virou um
desenho eu fiquei surpresa quando a mãe saiu ele voutou eu logo
fiquei super animada ele se abaixou para eu subir foi demais quando
eu montei meu irmão disse - desse dai vai que ele te pega logo reclamei
dele - vc e chato não sabe aproveitar disse eu e logo apareceu 
mais animais papigaio, macaco, girafa, leão e outros eu estava
animada meu irmão estava com medo mais montou no leão e saimos de
casa o Dudu tinha duas emoções animado e medo as pessoas olhavam
estranho o leão e o crocodilo meu irmão avisou que eles estão com 
fome fomos no mercado todo mundo com medo compramos duas garrafas
e duas bifes voltamos para casa e fomos dormir fim.","Eu encontrei em cima do armário alguns potes com tinta. Então resolvi pintar na parede do meu quarto alguns animais. Tempo depois, quando voltei no quarto, não havia mais nenhuma pintura e as roupas da gaveta estavam espalhadas pelo chão.",6.5,8.108152
674,"[T] O misterio dos tintas de Laira
[P] Era uma vez uma menina chamada Laura bem criativa e divertida e [x]
gostava bastante de desenhar com tintas.
[P] Certo dia Laura viu algumas tintas em cima da mesa então Laura pegou
as tintas e levou para seu quarto Laura saiu do quarto para bebe agua guando
ele vouto as tintas não estavão mais la mais os desenhos que ela fez ainda
estavão la.
[P] No caminho laura encontruo sua mãe se ela
tinha visto suas tintas ela disse que não Laura voutol para seu quarto e os
desenhos não estavão mais lo Laura foi perguntar a seu irnão se ele tinha
visto as tintas e os desenhos no quarto do seu irmão Laura via os tintas
Laura perguntou a seu irmão o que as tintas dela estava fazendo la seu irmão
disse que era dele Laura deixou pra la depois ela perguntou a mãe se ela
tinha visto os desenhos dela no lixo Laura ficou triste mais feis outros 
desenhos mais agora sem tintas. Fim","Eu encontrei em cima do armário alguns potes com tinta. Então resolvi pintar na parede do meu quarto alguns animais. Tempo depois, quando voltei no quarto, não havia mais nenhuma pintura e as roupas da gaveta estavam espalhadas pelo chão.",6.5,8.379934
669,"[T] O misterio da tinta
[P] Eu estáva no meu quarto em um belo
dia, até que e vi varios potes de tinta, peguei
e rosolvi pintar a paredes do meu quarto, meu
amigo Robert estáva comigo e agente pintou ani-
mais nas paredes, depois fui lanchar.
[P] Quando voltei minhas paredes não estávam pin-
tadas, e as roupas das gavetas estávam tudo no
chão, eu e meu amigo ficamos con muito medo,
até que escutamos um barulho muito alto vindo
de fora da casa.
[P] Eu e meu amigo decidimos ir ver oque
era, cada vez o barulho ficava mais alto, agente
ia indo devagarzinho até que... era meu pai fazen-
do obra e ele disse que ele vio a parede do
meu quarto pintada e não gostou então ele pintou
de branco a parede, e meu pai tanbem falou que
estáva procurando uma camiseta e não achou, e 
não [X] as roupas.
[P] Eu e meu amigo ficamos aliviados, e de-
pois fomos brincar, eu e meu amigo Robert.","Eu encontrei em cima do armário alguns potes com tinta. Então resolvi pintar na parede do meu quarto alguns animais. Tempo depois, quando voltei no quarto, não havia mais nenhuma pintura e as roupas da gaveta estavam espalhadas pelo chão.",6.5,8.540316
1212,"eu encontrei umas tinta em cima do meu armario
e [X] resolvi pinta o cuarto de azul e  fis dezeinho
Bonitos e relolvi pinta o quarto e outras
coisas [?] [?] dezenhos e pasei celamica na
cara e no baieiro e me pentei de tinta
preta pra vo eu pintei meus irimaos e minha
mãe meu pai e minha vo e meus amigos 
e de pois eu fis um dezenho no meu no meu cadereno e
pintei tambem e fis um dezenho no meu
rosto e pintei de tinta verde e pintei o causa
mento de roicho e pintei A meus brinquedo de
colorido e tambem as pratas de amarelo e
meus cabelo minha unha de preto e pintei minha
roupas e muita coiza mais pintei os meus primos
e parentes e pintei o Sol e a iua i os estrela as
nuvems as plantas os animais i bizouro","Eu encontrei em cima do armário alguns potes com tinta. Então resolvi pintar na parede do meu quarto alguns animais. Tempo depois, quando voltei no quarto, não havia mais nenhuma pintura e as roupas da gaveta estavam espalhadas pelo chão.",5.0,7.9447455
95,"O
[T] a ven turas com o  con ti jo.
um cer to dia com meus amigos para arosa a ar [x]
eu fiquei in pressionado com avo z  de le
c hami [x] os meus avoz para ver i s s o
eles pegarão uma gaiola e ficarão c om o
pas saro para e les f i c ão ou v i do o passar o
can tado toda ora meu avô tira va lei te das
vacas e [x] o can to do pas saro min ha -
a v ô la va va louça e  daça va com o can to
do passaro ele apren deu o meu nome
e fica va gri tando e can tava e os
v isin ho tam bem a dorou o can o can to de le
todo mundo que chega va i a lo  go
no pas saro o visinho deuo o nome de 
con ti ju e ensinu aele o nome de to do 
mundo e c hamei meus ami gos e brinco
com ele bom e l enão sabia voar mui to
bem en tão tirei da gaiola e ficamos brincado
com o can tijo sem para s em pre e [x] si-
nei [x] a voar.","Eu encontrei em cima do armário alguns potes com tinta. Então resolvi pintar na parede do meu quarto alguns animais. Tempo depois, quando voltei no quarto, não havia mais nenhuma pintura e as roupas da gaveta estavam espalhadas pelo chão.",5.0,7.2468777
385,"[T] A pitura
Era uma vez uma menína gue píntol o seu
guanto es menína ela achol uma títa no
amaríl da sua maẽ e sua maẽ pegutol
cade a mínha tínta guando ela chegol no
guanto da sua fílha ela víl oguanto todo
pítado e guando a sua fílha chegol ela
pegutol fílha você títol seu guanto com gual
títa com a gue tava no amaríl ela falou
fílha você pegol a mínha títa de mí píta o
mural noso mamaẽ eu naõ çabeía gue era
sua píta maẽ fílha tudo be fílha eu
vou deíxa paça de sa vez maís você me peguta
da porsuma vez tabol maẽ fílha maís a 
sua pítura taboníta e você vaí se uma
pítora de verdade eu vou fíca ogulhoza de você
e muíto e amos de poís de tudo do gue ela
pasol ela víachou para paríz e para chína
e para alemanha e así ela foí fícado maís
famosa e a maẽ dela fícol felíz com ela ela com
prol uma casa um caro e tabe
uma mota para maẽ dela 
sabedo gue fícol famosa e ela reso veu píta ogua
nto [X] da maẽ dela
suprez guando a maẽ","Eu encontrei em cima do armário alguns potes com tinta. Então resolvi pintar na parede do meu quarto alguns animais. Tempo depois, quando voltei no quarto, não havia mais nenhuma pintura e as roupas da gaveta estavam espalhadas pelo chão.",5.5,7.005496
146,"[P] Era uma vez uma menina pasiando pela
floresta e ela viu uma árvore e falou
eu vou senta na quela árvore  ali ela
sentou e passou um animal fofinho era
um coelinho que tava pulando pela pela floresta
e ela deseu do canho e foi  fazer carinho
nele e apareceu outro animal que era um
gato de rua e ela sentiu pena e a chou 
um peixe e deu a ele depois ele foi empora
feliz e com a barrica cheia de peix e e","Eu encontrei em cima do armário alguns potes com tinta. Então resolvi pintar na parede do meu quarto alguns animais. Tempo depois, quando voltei no quarto, não havia mais nenhuma pintura e as roupas da gaveta estavam espalhadas pelo chão.",5.0,8.103786
1178,"[X] [T] Minhas tintas coloridas
[P] um dia tive uma bela ideia então pedir para minha mãe
comprar varios potes de tinta é ela esse deu 50 reais [X] eu fui no
mercado comprar meus potes de tinta e aproveitei e comprei
um pincel as cores que eu comprei foi amarelo azul
vermelho , verde , amarelo , preto , rosa quando cheguei em 
casa fui pro meu quarto e comecei a pençar no que eu i a
dezenhar na parede do meu quarto eu dezenhei um jacare um 
carro uma estrela um cachorro uma flor um carro com som
um cavalo e de pois eu chamei minha mãe e meu pai e meu 
irmão e mostrei a eles e eles gostaram dos meus dezenhos
todos que eu fiz então eu peguei as tintas e minha mãe
me deu uma ideia de dezenhar uma abelha um abacaxi grandão 
e um gatinho fofinho o meu irmão pediu para eu
fazer o nome dele do meu pai da minha mãe o meu nome
tambem e dezenhei mais ou [?] coisas uma 
austronauta um aviao um onibús uma ferari","Eu encontrei em cima do armário alguns potes com tinta. Então resolvi pintar na parede do meu quarto alguns animais. Tempo depois, quando voltei no quarto, não havia mais nenhuma pintura e as roupas da gaveta estavam espalhadas pelo chão.",6.0,8.410691
959,"[T] o segurança legal
Em um certo dia de sexta sexta feira 13 uma menina de noite viu um gato preto e o nome
[P] da menina e liliãn ela viu um homem manco liliaãn ir la nele ela não foi o homem
[P] [X] c o r roendo atraz dele ele saiu correndo atraz dela ela saiu gritando é um homem, 
[P] surgiu do nada e ajudo ela e ja bateu nela logo pra  delegacia o moço não tinha casa
[P] não tinha, muita condição é seu pai ajudo, ele deu mais de 300 mil reais por dia pra ele
[P] é contrato pra ele ser segurança da menina liliãan mais em um dia na escola um menino 
[P] ia bater na menina mais o segurança ficava, iempreno armario depois dela pega os livros,
[P] é no lanche e comia etc., tacotaos por pouco ele não bate nela mais um menino defende ela
[P] e a diretora exspuça ele é ele sabia que ele tava apavorada puço ela pradentro do armario","Eu encontrei em cima do armário alguns potes com tinta. Então resolvi pintar na parede do meu quarto alguns animais. Tempo depois, quando voltei no quarto, não havia mais nenhuma pintura e as roupas da gaveta estavam espalhadas pelo chão.",5.5,7.6115394
402,"[T] A árvore magica
[P] O ano era 199 quando fui a pracinha de pois que cheguei lá
quis tirar foto pois achava aquela praça linda mas
em que ia tirar foto olhei para cima e vi que o ceu estava lindo
então comecei a tirar foto de quase tudo depois que revelei a foto
vi que uma das árvores era especial.
[P] Dias se passaram até um dia fui a pracinha
novamente já que não ia lá fazia umas quatro cemanas quando
cheguei na praça corri pra ver a árvore magica foi o nome que dei
a ela pois [X] havia visto uma árvore tão linda quando
a vi fiquei imprecuenada porque ela estava ainda mais linda do que 
a ultima vez que ´[X] vi Então comecei a falar com ela.
[P] Fiquei falando com ela durante horas quando vi que estava
atrasada para a faculdade corri mas [X] de ir tirei uma 
foto já que amava tirar foto.
[P] Com o tempo percebi que estava apaixonada pela 
a fotografia um ano se passou e todos os dias eu ia visitar
a minha árvore depois de umas duas semanas comecei a fazer faculdade
de fotografia pois fazia faculdade de medicina quando completei
vinte anos construir minha casa do lado da pracinha e até oje
visito a minha árvore e comprei ela para mim.","Eu encontrei em cima do armário alguns potes com tinta. Então resolvi pintar na parede do meu quarto alguns animais. Tempo depois, quando voltei no quarto, não havia mais nenhuma pintura e as roupas da gaveta estavam espalhadas pelo chão.",5.5,7.9738326
222,"[T] A Menina izagerada
[P] Eu cheguei no quarto e não tinha mais pintura e 
eu tomei um susto porque a parede não tá pintada
e as rou pas esta no chão meu deus sera que e um 
Bicho Meu deus To com muito medo
MAE acho que tem um Bicho aqui To com muito 
medo mamãe por que eu pintei a parede  do e 
eu fui ali rapido e quando chegei não tava mais 
mãe quero [?] com você Ta bom Sim filha
pode dormi com migo","Eu encontrei em cima do armário alguns potes com tinta. Então resolvi pintar na parede do meu quarto alguns animais. Tempo depois, quando voltei no quarto, não havia mais nenhuma pintura e as roupas da gaveta estavam espalhadas pelo chão.",5.5,7.768254
85,"Eu estava sentada no banco da praça bem proxima a um
grande árvore. Um vento fresquinho espalhava as folhas 
caidas no chão.
De repente , um galho de árvore caiu bem ao meu lado...
[X] para cima e me assustei, pois a árvore não era mais
a mesma.
Estava escura e rachada e o cal ficou preto e deu um trovão
estava eu e meu amigo ele estava com medo eu estava com,
medo também tinha dois meninos brincando de bola mas eles
estavão brincando como a o cél estivece azul paresia que so
ei e meu amigo estavamos vendo aquilo meu amigo foi embora,
eu tambem fui para casa chegando em casa fui dormir mas
não conseguia so pensando no que aconteceu meus pais saírão
de casa então fui assisti tv mas vi uma coisa na janela.
Fui conferir mas não tinha nada pensei que tinha cido coisa
da minha cabesa mas lembrei que tinha visto uma coisa quando tava
na praça vi uma coisa parecida mas meus pais chegarão e fiquei
[?] e fui deitar escurei pigos do banhero fiquei com
medo então coloquei a mão debaixo da cama para
sentir a lambida do meu cachorro e me senti melhor,
[?] escutei os pigos e coloquei a mão
debaixo e me [?] meus pais tinhão saído de
novo então tomei coragem e fui ver e mes pais chegarão
na hora e fui dormir com eles a e eu não descobri o que
era.","Eu encontrei em cima do armário alguns potes com tinta. Então resolvi pintar na parede do meu quarto alguns animais. Tempo depois, quando voltei no quarto, não havia mais nenhuma pintura e as roupas da gaveta estavam espalhadas pelo chão.",5.5,7.864584
537,"[T] Isadora e as tintas
[P] Então eu fui perguntar minha mãe
- Mãe a senhora viu as [X] tintas que
estava no meu quarto ? - Não filha . Porque ?
- Há mãe porque quando eu fui pegar os pin-
ceis as tintas não estavam lá. - Pergunta para
sua irmã - Oi mana. - Oi
Pergunta Gabrielly
- Você pegou minhas tintas ?-Sim mana
- Mas porque as roupas da gaveta estava es-
palhados pelo chão ?- Eu estava procurando
uma fantasia - Então pode ir arrunar o 
quarto que você bagunsou.Fim","Eu encontrei em cima do armário alguns potes com tinta. Então resolvi pintar na parede do meu quarto alguns animais. Tempo depois, quando voltei no quarto, não havia mais nenhuma pintura e as roupas da gaveta estavam espalhadas pelo chão.",6.0,8.032785
627,"[T] O dia em que achamos as tintas 
Eu eu meu irmão achamos no armario tintas estavamos
querendo brincar no nosso quarto então minha mãe
disse vem comer eu e meu irmão fomos estava muito 
bom então repetimos e meu padrastro disse e a tinta
então fomos brincar mas quando nos chegamos .
as tintas desaparecerão e vimos as roupas bagunçadas
na cama e fomos atrás das tintas e vimos em
todo lugar mas não achamos então minha mãe disse
olharam de baixo das roupas e fomos ver e
achamos.","Eu encontrei em cima do armário alguns potes com tinta. Então resolvi pintar na parede do meu quarto alguns animais. Tempo depois, quando voltei no quarto, não havia mais nenhuma pintura e as roupas da gaveta estavam espalhadas pelo chão.",6.0,8.240517
833,"[T] [?]
Eu fui viajar em um sítio aí subi em uma árvore .Depois que eu sentei pousou um pássaro que 
nunca vi, Quando ele abriu o bico,ele disse que era mágico ,eu duvidei pedi uma casa na árvore e depois 
apareceu uma casa na árvore (e depois) toda imobiliáda o pássaro que eu tinha mais e desejos só que pra 
cada desejo eu tinha que completas um desafio dependo do desejo o nível de dificuldade do desafio aumenta 
no segundo desejo pedi uma casa só pra mim o desafio era correr 30 kilometros a pé depois de1 hora
consegi completar o desafio, a minha casa era linda depois pedi um carro 0KM o desafio era comer 
terra, só que a terra estava molhada ele fez terra seca, eu comi mas tava horrível mas consegui 
o carro eu dei para o meu pai daí; pedi alguns pedaços de bolo por que tava com fome o desafio 
foi dar 2 pulos depois o pássaro foi embora e eu lui epra casa e fim.","Eu encontrei em cima do armário alguns potes com tinta. Então resolvi pintar na parede do meu quarto alguns animais. Tempo depois, quando voltei no quarto, não havia mais nenhuma pintura e as roupas da gaveta estavam espalhadas pelo chão.",5.5,7.8121953
995,"[T] é um sonho?
[P] Eu encontrei em cima do armario al
guns potes de tinta. então resolvi pinta
na parede do meu quarto alguns anim
[P] Tempo depois, quando voltei no quar
não havia mais nenhuma pintura [?]
roupas da gaveta estavam espalha
pelo chão.
[P] derrepente, da gavetaa saiam cob
e da ropas saiam ratos do armario
macacos e vários outros bichos saia
de diferentes lugares.
[P] eu tive uma ideia eu fui correndo 
para meu computador e pesquisei
como se lirar de animais meu
celular despertou e acordei","Eu encontrei em cima do armário alguns potes com tinta. Então resolvi pintar na parede do meu quarto alguns animais. Tempo depois, quando voltei no quarto, não havia mais nenhuma pintura e as roupas da gaveta estavam espalhadas pelo chão.",6.0,8.693762
112,"Um dia eu meu amigo fomos á praça brincar no
parque . depois nós compramos lanche , eu comprei
um hamburguer e meu amigo comprou uma fatia
de bolo e fomos comer banco perto de uma árvore
de repente um vento forte derrubou a árvore eu e meu
amigo corremos muito rapido para longe mas um
galho bateu na cabeça do meu amigo Paulo e começou a
sangrar muito e ele foi no hospital e eu fui [X]
ao parque sozinho e me sentei no banco e vi outra
árvore crescendo novamente , depois fui visitar o Pablo
no hospital , e ele disse pra mim :
- No outro mês eu vou pra casa denovo , eu fiquei
alegre com a notícia , e no outro mês Pablo saiu do
hospital e quando fomos ao parque, já tinha crescido
outra árvore muito mais alta que antes e meu amigo
disse:
- Não vamos sentar lá denovo , e eu disse :
- Tabom, amigo não vamos sentar lá.
E quando chegamos em casa passamos a noite jogando
vidio game, no dia seguinte fomos a rodoviaria
porque eu ia viajar para Belém visitar minha vó e 
meu vô , e falei para Paulo que ia [X] em Belém
por um ano fora da cidade , e ele foi ao parque
novamente sentou no banco e um vento fraco
soprava as folhas que formavam um tapete
colorido e um pequeno galho caiu ao seu lado
e depois ele foi embora.
Um ano se passou e eu e Pablo fomos ao parque
todos os dias .
na minha rua fiz mais amigos .","Eu encontrei em cima do armário alguns potes com tinta. Então resolvi pintar na parede do meu quarto alguns animais. Tempo depois, quando voltei no quarto, não havia mais nenhuma pintura e as roupas da gaveta estavam espalhadas pelo chão.",7.0,7.977886
751,"[T] Os potinhos de tinta de Júlia
[P] Em um certo dia Júlia estava procurando alguma coisa
para brincar. Júlia foi procurar por todos os lugares mas
não achava então tive a ideia de procurar em cima do
armário e achou potinhos de tinta então ela teve a ideia de
fazer varios desenhos de tinta nas paredes do quarto dela
ela havia dado uma saidinha rápida para o banheiro mas
quando Júlia voutou não tinha mas nenhum desenho então
Júlia decidiu ir perguntar para a sua mãe, a mãe de Júlia
falou: -dilha eu fui te chamar para lanchar mas nao
ti achei só vi os desenhos. Júlia ja te falei que não pode riscar
as paredes mas mesmo assim você riscou. Então fui linpar
por isso não tem mas nem um desenho na parede. Júlia
falou: - A tá mamãe desculpa por te riscado a parede. A
mãe de Júlia a perdoou e tudo se resolveu no fim das 
contas.","Eu encontrei em cima do armário alguns potes com tinta. Então resolvi pintar na parede do meu quarto alguns animais. Tempo depois, quando voltei no quarto, não havia mais nenhuma pintura e as roupas da gaveta estavam espalhadas pelo chão.",6.5,8.395167
387,"[T] A tinta
Um dia um menino Chamado Gabriel estava brincando
com seu amigo Davi a mãe de Gabriel chamou para almo
çar e quando eles terminarem de almoçar foram brincar quando
Gabriel foi para o seu quarto pegar um brinquedo ele viu duas tintas Ga
briel chamou Davi para ver as cores das tintas era azul e ver-
de eles pintarem as paredes quando a mãe de Gabriel viu eles pin-
tando ela Prigou com Gabriel ele ficou de castigo e o seu amigo Da-
vi foi embora porque sua mãe não deixou ele mais brincar. A mãe
de Gabriel disse: Tem tinta é para pintar o desenho e não para
pintar parede Gabriel! Então Gabriel pidiu desculpa ela desculpou
e falou: Mais limpa a parede que você pintou que eu lhe tiro do
castigo, ele limpou a parede e saiu do castigo Gabriel fez um
desenho pintou com a tinta ele mostrou para sua mãe
o desenho a mãe disse que esta muito lindo Gabriel
fez muito desenhos o dia todo e um dia a mae de Gabriel
foi compra treos tinta uma tinta amarela uma preta
e vermenho as cores novas Gabriel usou ele desenhou
uma flor um coração e uma avore e todos os dia ele
desenhava e pintava. Uma tarde, Gabriel juntou as
cinco tintas e pensou já sei vou desenha um grande
Arco-ires. E passou a tarde desenhando este grande
Arco-ires.  Ficou tão lindo que ele foi correndo mostrar
para a sua mãe. Ela achou muito limdo. No outro dia
ele levou o seu grande desenho para a Escola para mos
tra para seu amigo Davi quando deu a hora de ir
enbora a mãe de Gabriel fez um desenho para ele pinta e quando Gabreil chegou de casa ele pintou os dessenho que a sua mãe fiz.","Eu encontrei em cima do armário alguns potes com tinta. Então resolvi pintar na parede do meu quarto alguns animais. Tempo depois, quando voltei no quarto, não havia mais nenhuma pintura e as roupas da gaveta estavam espalhadas pelo chão.",6.5,8.164688
441,"[T] As paredes do meu quarto
[P] Certaz vez eu e meu primo Steve estávamos procurando algo
mais diferente para fazer, mas não encontramos nada. Minha mãe che-
gou até onde estávamos nos dizer que ia sair e para não mexer nas
tintas dela... quando ela disse isso esperamos ela sair e fomos procurar
as tintas, Steve deu um grito super alto e eu fui ver o que tinha acontecido
e ele disse assim:
— Achei, achei, achei. Ela é isso aí, eu sou o melhor .
quando ele disse isso fiquei muito brava afinal eu também tinha me
esforçado muito . Enfim, fizemos uns animais muito fofos na parede do meu
quarto.
— Eu amei muito !!! disse Steve . .
[P] Eu também tinha gostado mas tava com medo da minha mãe
ficar brava com a gente porque ela disse pra não mexer nas tintas dela.
Mas Steve teve uma idéia, ele disse pra eu me esconder e tudo ia dar
certo. Eu acreditei e ouvi o portão se abrindo, a não minha mãe chegou.
[P] Saí do meu esconderijo pra me desculpar e quando fui pra meu
quarto as roupas todas no chão espalhadas e os animais da parede haviam
desaparecido, minha mãe e o Steve também. Eles não não de jeito algum
estavam em casa.
[P] Do nada Steve apareceu dizendo que era apenas uma brincadeira
e que minha mãe não tinha chegado e ele tinha feito aquilo pra me
assustar.
[P] Juntamos as roupas e minha mãe nunca soube do
acontecido
[P] Fim . . .","Eu encontrei em cima do armário alguns potes com tinta. Então resolvi pintar na parede do meu quarto alguns animais. Tempo depois, quando voltei no quarto, não havia mais nenhuma pintura e as roupas da gaveta estavam espalhadas pelo chão.",8.0,8.053644
315,"[T] A menina e o passarinho
[P Um conto [X] [X], eu nunca tinha visto um canto tão belo
como aquele. Ele era azul com amarelo, logo o outro passarinho
pousou perto de mim ele era da mesma especie que o primeiro passarinho
porem o segundo tinha o canto mais belo que o primeiro eu
me sentia como uma arvore florida e repleta de passaros
com o melhor dos cantos que eu havia ouvido em toda a minha 
vida. assim que eles voaram eu fui correndo para casa 
e perguntei para o meu pai se ele já tinha visto aquele 
canto e ele disse que sim e ele disse o tanto que ela belos.","Eu encontrei em cima do armário alguns potes com tinta. Então resolvi pintar na parede do meu quarto alguns animais. Tempo depois, quando voltei no quarto, não havia mais nenhuma pintura e as roupas da gaveta estavam espalhadas pelo chão.",6.5,7.8076954
197,"[T] A CiraNDa Da TINTaS
EU VIM Para CASa E VI QUE O MEU QUArTO TaVA UM POUCO
SEm COr, PEGUEI Umas TINTaS PINTEI O QUArTO, Sem QUERe
JOguei A TINTa NA PAREDE E FICOU Uma BOrBOLETA. EU ACHei
MUITO LINDO. ATE QUe MINHa PRIMA DERRUBOU A TINTA NO
CHÃO. MINHA MÃE CHEGOU PErguNTOU.. QUEM DERRUBOU A TINTa
NO CHÃO? EU DISSE.. FOI A MINHa PRIma. ELA DISSE.. TA, CERTO
MINHA FILHa. VÃO BRINCAr DE BICICLETA LÁ NO CAMPO, VOCê É
SUA PRIma, TA MÃE. NÓS FOmOS ANDar DErCENDO NO ALTO
EU ia Na FRENTE, ELA NA ÁTRaS. ELA Ia COM A TINTa CAIU
DERRUBOU A TINTa E PINTOU A BICICLETA COLORIDa BICICLETA
FICOU AZUL, VERDE, AMARELO, ROSA, E MUITO MaiS.
PEgaNMOS A BICICLETA, Fomos ÁTRaS DO CACHORRO. NÓS
BRINCAMOS COm MaS O CACHOrro. Más o CACHOrrO COrrEMOS
NO CAMPO ATÉ QUE APaRECEU UM CACHOrrO MUITO GRANDE NOS
CORREMOS LIGEIRO O CACHORRO VINHA ATRaS Parei QUE ELE QUeria
BRICAr NOS PEgUEMOS AS TINTa PINTaMOS AS PEDRINHaS,
COLOCAMOS NO POTIM  FOMOS PArSSeAr NA RUA COM NOSSO
AMIGOS NA RUA COrrENDO,, [?] EM CaSA FUI AJUDar
MINHA MÃE COM AS TINTaS Da CASa","Eu encontrei em cima do armário alguns potes com tinta. Então resolvi pintar na parede do meu quarto alguns animais. Tempo depois, quando voltei no quarto, não havia mais nenhuma pintura e as roupas da gaveta estavam espalhadas pelo chão.",6.5,7.588233
16,"
	Né Um dia muito chuvoso com varios raios caindo do
Ceu, Um raio muito forte que acabou com a energia da cidade
toda, neste raio Vinha Trazendo um diamante muito poderoso, o po-
der que ele dava era absurdo, se a pessoa que estivesse com esse
diamante Teria tudo que ele quissece, no dia seguinte em que eu acordei
e fui para for de casa com meu amigo Rafael estava tudo alagado,
mais quando eu olho para o chão vejo um burraco enorme em
dava para ver uma coisa brilhando e quando eu Vou Ver mais de per-
to Vejo que era um diamante mais meu braço não cabia no buraco
então eu pedi para o Rafael pegar mais quando ele a consseguiu pegar
ele falou que queria comer algo então elel falou queria uma Pizza
e uma Pizza apareceu na frente te dele e foi ai que descobrimos que
o diamante era poderoso, então neste mesmo dia fizemos tudo o que 
desejamos e o diamante que achavamos seria muito importante para nos
então nunca contariamos pra ninguem","Chovia muito naquele dia, com trovões muito altos, vindos do céu. E depois que a chuva passou, encontrei no quintal da minha casa uma pedra muito brilhante.",9.0,8.863946
151,"[P] Eu encontrei em cima do meu armario Varios 
potes de tinta , Então resolvi pintar a parede do meu
quarto alguns carros de formula 1. Um tempo depos voltei
ao meu quarto depois da escola e percebi que já tinha
secado e então fui a casa do meu amigo jogar bola
e ele teve a ideia de pintar a bola branca dele e então
comessamo a pintar e quando terminamos fomos pintar
um desenho imprimido.","Eu encontrei em cima do armário alguns potes com tinta. Então resolvi pintar na parede do meu quarto alguns animais. Tempo depois, quando voltei no quarto, não havia mais nenhuma pintura e as roupas da gaveta estavam espalhadas pelo chão.",6.5,8.990119
1160,"[T]os animais sairan da parede
eu acHe n muitos potes de tinta pintei
as paredes ate o cHão do meu duarto Fis
us animais na parede Fui BeBer aGua duan do
voltei os animais da pare de tava no cHão
rasgandos minHas [X] novas eu Gritei mae e
minHa mae veio correndo duando elas vil minhas
roupas rasga das eLa des maiou duando depois
de um tempo eLa acordou mas duando meu pai
cHegou ele Lin pou todo meu duartto

e e Le mato u todos os BicHos e meu duarto
Ficou linpo de novo.","Eu encontrei em cima do armário alguns potes com tinta. Então resolvi pintar na parede do meu quarto alguns animais. Tempo depois, quando voltei no quarto, não havia mais nenhuma pintura e as roupas da gaveta estavam espalhadas pelo chão.",5.5,7.701552
509,"[T] Era uma vez uma menina muito medrosa
ela encontrou uma caixa de tinta foi pinta a parede do quarto
dela os animais tiraro uma roupa da mãe i a mãe dela
resolveu ir lar na aia pega as esponja para tira a pintura
ficou muito brava e os animais foi para rua tempos depois
a mãe dela pedio descupa para a menina foi dormi na cama
da mãe dela tirou a tinta da mão dela ir a menina foi tira a tinta
da mão dela tambem os animais ficaram pintado a menina
foi e a mãe dela bateu nela de brincadeira e a menina tava chorando
de verdade e a mae dela foi pedi descupa para a menina e a menina
tava muito i a menina foi para o banheiro para chora
de novo mais a mãe dela foi compra um algudão doce
na barraca da flozinha e a mae dela mandou ela sair
do banheiro porque tinha uma menina querendo brincar com
ela mais ela não quis ela nao queria o algudão doce.","Eu encontrei em cima do armário alguns potes com tinta. Então resolvi pintar na parede do meu quarto alguns animais. Tempo depois, quando voltei no quarto, não havia mais nenhuma pintura e as roupas da gaveta estavam espalhadas pelo chão.",6.0,8.175639
956,"[T] o quarto maluco
a menimaestava pintato o quarto e estava muito lindo
e ela foi BeBeagua e as ropas estava No chao e ela estava asustada e
Eai Falopara o pais e o pai Falo Nao seprecupe e ela Falo Ta
e ela foi tinina a Pintura ela estavaPintato una Barbe e fi","Eu encontrei em cima do armário alguns potes com tinta. Então resolvi pintar na parede do meu quarto alguns animais. Tempo depois, quando voltei no quarto, não havia mais nenhuma pintura e as roupas da gaveta estavam espalhadas pelo chão.",4.0,7.881688
749,"[T] Os potes de tinta e o guarto bagunçado
Um belo dia amanheceu e eu Anigueios encontrei alguns potes
de tinta em sima do armário e fui pintar as paredes do meu guarto
E quanto acabei fui lavar as mães manchadas, então voutei para o
guarto, vi tudo bagunçado e gritei
- Que bagunço! eu mau sai e já ta tudo bagunçado. Já sei
quem foi o culpado, meu irmão João .
[P] Quando gritei rapidamente minha mãe samara chegou e pos
eu e meu irmão para limpar a bagunça, e que bom que ela
não viu os potes de tinta e que bom que meu irmão passou
o pano na parede para me deixar brava, no final tenho que [x]
[x] agradecer.
[P] Quando acabamos de arrumar a bagunça nois fomos
brincar com os bringuedos e virou uma zona e fomos de
arrumar tudo de novo","Eu encontrei em cima do armário alguns potes com tinta. Então resolvi pintar na parede do meu quarto alguns animais. Tempo depois, quando voltei no quarto, não havia mais nenhuma pintura e as roupas da gaveta estavam espalhadas pelo chão.",7.0,7.714877
835,"[T] [?]
[?] pinta so que eu sou muito deszastrado então um belo
[LT] dia eu tava sem fazer nada entao eu eu falei vou pinta ne
[LT] então eu fui pinta so que a mesa não tava minhas tinta então
[LT] pensei minha mãe deve ter pegando e coloncou no armário, entao
[LT] foi la pega eu não conseguia pega por que sou muito baixia
[LT] tive que pega um candeira só que eu não vei que o amári
[LT] o tava com a pena quebrada e encostei meu branco e o amári
[LT] o caio e derramou todos os meus potes de tinta minha mãe
[LT] ouviu o barunho e correu ate a garage e falou : finha voce
[LT] esta bem olha a baguça que esta roupa pra todos os lados : sim
[LT] mamãe estou bem so queria pega os meu pontes de tinta que
[LT] estava aqui falou a finha : tambo finha mais por que voce
[LT] não falou pra mamãe que estava queredo pegas as tinta
[LT] disse a mãe : depois desse dia minha mãe colocou minhas tin
[LT] ta so no baixo e essa foi minha historia fim","Eu encontrei em cima do armário alguns potes com tinta. Então resolvi pintar na parede do meu quarto alguns animais. Tempo depois, quando voltei no quarto, não havia mais nenhuma pintura e as roupas da gaveta estavam espalhadas pelo chão.",6.0,7.6925726
1138,"[T][S](eu pintei a agua)
[S] eu tava la em casa arumando meu quarto e achei os pote de tintas e resolvi pinta um quadro e pintei eu fui tomar
[S] cafe e quando eu voltei não tinha nada no quadro fui pergunta meu pai e ele dice que ata go e eu fui
[S] no lugar mas longe e la tava minha egua e eu resovi fase uma marca nela e eu voltei
[S] meu nome e vis um desenho na barriga dela e depos meu pai via e eu tive que dar banho nela
[S]e trata e contra racão e fui tra casa e chamei mwu primo tra vaze uma arte e ele laila em casa
[S] nos pintamo","Eu encontrei em cima do armário alguns potes com tinta. Então resolvi pintar na parede do meu quarto alguns animais. Tempo depois, quando voltei no quarto, não havia mais nenhuma pintura e as roupas da gaveta estavam espalhadas pelo chão.",6.5,8.147881
324,"[T] A menina pintora
Eu encontrei auguns potes de tinta tinha varias cores eu achei
muito bom ai eu resolvi pintar as parede em formato de
animais eu achei muito bonito quando eu fui pra escola que
chegei não havia né um desenho eu fui procura a saber quem
foi tinha sido minha mãe eu não fiquei com raiva ai eu
disse minha mãe que eu ia pinta denovo ai ela disse
tá certo ai eu fui lá pinta denovo ficou bonito tabém
ai eu fui para escola denovo quando eu cheguei fui direto
pro quarto quando eu chegei es tava tudo lá eu me
senti muito bem ai eu deside desenha mais e mais até
fica tudo coberto de desenho","Eu encontrei em cima do armário alguns potes com tinta. Então resolvi pintar na parede do meu quarto alguns animais. Tempo depois, quando voltei no quarto, não havia mais nenhuma pintura e as roupas da gaveta estavam espalhadas pelo chão.",7.0,8.199564
14,"
	Naquele dia chuvoso eu encontrei uma
pedra brilhante, no momento eu não sabia a que
era, então <t> a casar quando sei que era 
um diamante fiquei muito feliz, logo limpei ele
e levei en um lugar para ver se era verda-
-deira. pois achava que era falso. Mas eu não a
vendi, pois tive a ideia que o diamante daria um
lindo anel de casamento para minha esposa.","Chovia muito naquele dia, com trovões muito altos, vindos do céu. E depois que a chuva passou, encontrei no quintal da minha casa uma pedra muito brilhante.",7.5,8.458777
1157,"[T]o pica pau
[P]Eu fui passear no sítio com meus tios minhas
 tias e minhas primas e minha mãe e irmãs
ea a gente foi conhece um pouco do sítio
porque era nossa primeira vez no 
[P]Sítio agente foi conhece [x] os anima
is. a gente viu um monte de animais depois
fomos ver as frutas era muita fruta ai
a gente foi toma banho no rio  brinquei
[P]Muito eu e meus primos fomos no rio
sozinhos ai a gente viu un pica pau era 
muito lindo a gente algo inpresionante 
o pica pau subiu em sima da cabeça do 
meu primo e começou a fazer carinho","Eu encontrei em cima do armário alguns potes com tinta. Então resolvi pintar na parede do meu quarto alguns animais. Tempo depois, quando voltei no quarto, não havia mais nenhuma pintura e as roupas da gaveta estavam espalhadas pelo chão.",6.0,7.9549
268,"[T] A historia da tinta

[P] E do nada a minha mãe xegou e eu fiquei com
muito nedo é não com ai [?] dormi di noite .
[P] Mais tevi um dia que eu Resolvi que vol pintar mia 
paredi deno vo i fiquei no [?]
A tenta era preto , azul Rosa , amarelo  eu tia um anim
al de estimasão que um e um gato que si famava tel ele era
mel melho animal de estimasão .


[P] Mais a tarde as 18:30 no dia 26 de maio meu 
aniverio nais eu não esquesi do que acõtesel no mel co
[?] a lanela é as porta do mel canto [?] [?] [?]","Eu encontrei em cima do armário alguns potes com tinta. Então resolvi pintar na parede do meu quarto alguns animais. Tempo depois, quando voltei no quarto, não havia mais nenhuma pintura e as roupas da gaveta estavam espalhadas pelo chão.",4.5,7.9936743
472,"[T] As tintas que eu encontrei em cima do armário
[P] Um dia bem chuvoso não tinha nada pra fazer [X], eu encontrei
tintas em cima do armário bem é claro que eu ama, nãoresistir e peguei as
tintas. 
[P] Depois de um tempo almoçando quando eu voltei as tintas tinham su-
mido, então eu procurei por toda a casa procurei, no meu quarto, no quarto da
[LC] minha irmã,no quarto da minha mãe, nos banheiros da minha casa, procureina
[LC] sala e nada depois fui perguntar a minhaminha mãe e ao meu pai eles
[LT] disseram que não pegaram, eu chorei muito. 
[P] depois eu me lembrei de uma coisa esqueci de perguntar a minha irmã. 

Quando fui perguntar a ela não estava lá, perguntei ao meu pai se ele viu
a minha irmã ele disseque não viu, então fui perguntar a minha mãe ela
disse que ela saiu então eu me lembrei que tinha emprestado as minhas
tintas para minha irmã.","Eu encontrei em cima do armário alguns potes com tinta. Então resolvi pintar na parede do meu quarto alguns animais. Tempo depois, quando voltei no quarto, não havia mais nenhuma pintura e as roupas da gaveta estavam espalhadas pelo chão.",7.0,8.405186
1028,"[T]A menina que gosta de pinta
Eu encontrei umas tintas dentro do meu armário
pensei em fazer uns desenhos no meu quarto
eu fui comprar langes pra mim porque mim deu
fome, ai quando eu voltei eu entrei no meu
quarto e vi a maior bagunça do mundo
e adivinha quem fez essa [X], meu irmão
ele tinha, desforado a cama apagado os desenhos e
ainda ele desdobrou as minhas [X] tudinho.
Então, eu corri pra minha mãe e disse, ô maê
o João fez uma bagunça no meu quarto
vamos lá ver, nós fomos lá minha mãe viu
e disse João!!!! porque você fez isso você ta de
castigo va para o seu quarto agora!! e minha
mãe estava super [X] brava com ele. Então voltand
aos desenhos, eu voltei para o quarto bem brava,
e disse, eu não acretito não eu tivi o trabalho
todinho pra isso, ai eu peguei pedi ajuda a mãe
e fiz tudo dinovo ficou tudo lindo e eu amei
drobei minhas roupas e fui descansar.","Eu encontrei em cima do armário alguns potes com tinta. Então resolvi pintar na parede do meu quarto alguns animais. Tempo depois, quando voltei no quarto, não havia mais nenhuma pintura e as roupas da gaveta estavam espalhadas pelo chão.",6.5,8.362125
269,"[T] A imagem da tv
Eu estava assistindo tv com minha mãe até que a imagem sumiu e aPareceu.
na minha sala e minha mãe correu [X] e eu tambêm fomos Pro
e ficamos lá Por muito tempo ate meu Pai chegar quando.
a imagem era de um livro aberto e as folhas voando e as
[X] e as letras foram sumindo da folha e esse caderno foi
[LC] para mão de uma bruxa muito mal e ela começou a fazer feitiços
[LC] com esse livro e os feitiços eram de transforma as
[LC] Pessoas em saPo ou em Pedra até que chegou um cavaleiro e
[LC] lidou contra a bruxa e conseguiu Pegar o livro de volta e Ponhou
[LC] em um museu com o nome de livro magico.","Eu encontrei em cima do armário alguns potes com tinta. Então resolvi pintar na parede do meu quarto alguns animais. Tempo depois, quando voltei no quarto, não havia mais nenhuma pintura e as roupas da gaveta estavam espalhadas pelo chão.",5.5,8.282032
152,"[P] Eu estava comendo picole na praça derrepente veio uma árvore
na minha direção caido ai eu corri e ela caiu do meu lado
eu levantei para o meu lugar comprei mas um picole [?]
que aquele derreteu dessa vez eu comprei um de uva e eu sentei
em outro banco e tenha outra árvore e ela era muito diferente
ela era grande as folha dela eram muitos pequenas ai eu fiquei
olhando pra ela, ela tinha um formato de um macaco ate um rabo
de macaco, ela tinha, quando eu [?] pro meu lugar eu fui comer o meu
picole porque ele ja tava derretendo, quando eu virei pra árvore ela tava
de outro jeito e formato de outro animal e FIM","Eu encontrei em cima do armário alguns potes com tinta. Então resolvi pintar na parede do meu quarto alguns animais. Tempo depois, quando voltei no quarto, não havia mais nenhuma pintura e as roupas da gaveta estavam espalhadas pelo chão.",5.5,7.9061804
758,"[T] Pintando
[P] Eu e minha prima Kayllane estavamos colorindo, 
então, tive a ideia de pintar. Pedi a minha mãe que pegasse a tinta, peguei duas folhas e
fomos para o meu quarto pintar.
[P] No começo, eu e Kaylanne pintamos animais, eu pintei um guepardo e ela pintou uma
pantera negra. Depois, pintamos objetos, eu pintei um vaso e ela pintou um guarda-roupa.
Depois, pintamos comidas, eu pintei uma maçã e
ela pintou um abacaxi. Depois, pintamos pessoas importantes para nós, eu pintei professora 
Ludhiane e ela pintou sua professora de inglês. Aquele dia foi maravilhoso, depois [?]","Eu encontrei em cima do armário alguns potes com tinta. Então resolvi pintar na parede do meu quarto alguns animais. Tempo depois, quando voltei no quarto, não havia mais nenhuma pintura e as roupas da gaveta estavam espalhadas pelo chão.",6.5,8.515192
257,"[T] A casa da aRte
[P] minha mãe me levou Para um lugar magico que
la tinha Pinceu tinha tinha tinta tinha de tudo
que eu Precisava e então fui Perguntar a uma mulher
Se eu Podia fazer uma arte e ela deixou, fui la Pra perto paque
le quadro branco e enorme então chegei e peguei algumas tintas
me diverti muito, ate chegei a misturar as tintas, era azul
com rosa amarelo com vermelho, e muito mais e dePois
minha mãe me levou Pra casa ai no meio do caminho
vi uma loja de arte Pedi Para ela me levar la então ela me
levou, ai Pedi Pra ela comprar aPenas dois pinceis e duas
tintas mais como mais como ela recebeu o salario dela
ela sentio Pena de mim ai ela, comPro 5 Tintas e seis
Pinceis ai dePois disso nos foi pra casa ai o quadro
que eu fiz la na casa da arte Pedi Para a mamãe colo
car na Parede do meu quarto e ficou encriveu dePois di
sso, fiz mais um quadro e di Pra meu papai e Pra minh
ha mamãe e fim.","Eu encontrei em cima do armário alguns potes com tinta. Então resolvi pintar na parede do meu quarto alguns animais. Tempo depois, quando voltei no quarto, não havia mais nenhuma pintura e as roupas da gaveta estavam espalhadas pelo chão.",6.5,8.448574
779,"[T] Quarto dos sonhos
Eu ganhei bastante tinta da minha mãe ai pintei
o meu quarto com o tema da Frozen.
Fiz bastante desenho. meu quarto está.
perfeito como eu sonhei todos as noites eu
viajo nas aventuras da minha parede lá eu [X]
posso ser o que eu quero [?]
res di parentes que amo visitar.
Elza me leva para lugares lindos
Eu faça trança nos seus 
cabelos e somos amigas bem
amigas mesmo o meu quarto e
meu lugare preferido.","Eu encontrei em cima do armário alguns potes com tinta. Então resolvi pintar na parede do meu quarto alguns animais. Tempo depois, quando voltei no quarto, não havia mais nenhuma pintura e as roupas da gaveta estavam espalhadas pelo chão.",7.0,7.976167
1076,"[T]Eu sou Anny Kevelyn
eas tinta deve não ter força na parede eu queria [?]
o quarto mais não tinha tinta Rosa so tinha tinta Preta.
Peguei o desenho e Botei a tinta em cima do desenho quando
fui Pegar o Pincel quando voltei a tinta tava tudo virada
Será que Bicho pegou os animalzinho porquê eu tinha Pintado
quando voltei as Roupas do guarda Roupa do cabide estava
no chão. minha mãe chegou no quarto e disse que Bagunça
Anny mãe foi o Bicho que Bagunçou tudo minha mãe falou
mais será que Bicho e esse e Anny mais eu não sei mãe
mais você não viu qual foi o Bicho minha filha mais então
deixa Pra lá minha filha: cadê os desenhos da Parede que
você Pintou minha filha mãe eu fui [?] água ai quando 
voltei as Roupas estava mais na parede e eu achei estranho
será porque isso aconteceu em mãe eu esotu triste","Eu encontrei em cima do armário alguns potes com tinta. Então resolvi pintar na parede do meu quarto alguns animais. Tempo depois, quando voltei no quarto, não havia mais nenhuma pintura e as roupas da gaveta estavam espalhadas pelo chão.",5.5,8.021699
705,"[T] O quarto mistériosa
Numa manha, Maria acorda no seu quarto Maria
Ser levanta e vai arruma o quarto, depois que as maria arruma
Ela vai na cozinha, ela olha em cima do armario alguns
Potes de tinta então ela pensa em pinta o quarto colorido.
Ela pinta de rosa, amarelo, vermeho, laranja e outros.
Ela vai sair e quando ela volta o quarto tava todo
Bagusado e a pintura não tava mas lá, tinha roupa jogan
Ela ficou muito triste e ficou confusa depois ela foi arrum
O quarto dela ela ficou cansada, e foi dormi e ja tava de.
Noite, no meio da noite Maria ouvio uns barulhos.
Estranhos ela acorda e acende a luz ela ver nada então
Ela apaga a luz de novo e volta dormi, amanheceu.
Maria acorda e vai fala para a mãe uq tinha aconteceu.
A mãe falo que foi ela que [X] [X] fez o barulho
De madrugada Maria riu e vai bicar com os briquenhos
e Fim","Eu encontrei em cima do armário alguns potes com tinta. Então resolvi pintar na parede do meu quarto alguns animais. Tempo depois, quando voltei no quarto, não havia mais nenhuma pintura e as roupas da gaveta estavam espalhadas pelo chão.",6.5,8.226682
282,"[T] A menina Baguseira
[P]em uma manha ana foi para a escola foi para a escola com raiva porque sua mãe não deixo
u ela pintar o seu quarto com tinta quando chegou na escola ela  comesou
a gritar Berar mas ela foi para aula quando ela chegou em casa mesmo
com raiva por que ela não pode pintar o seu quarto quando sua mãe
deixou ela asistindo.
[P]então quando sua mãe saiu ela pegou sua tinta escolar e foi para a 
cosinha ela fez uma fraze ( mãe eu te amo de mais) quando ela terminou de 
escrever a frase ela foi para o Banheiro pintou a parede do Banheiro de vermelho
e azul sua mãe estava quase chegando em casa ela foi para os eu quarto
cono ela queria pintou seu quanto todo de rosa sua comoda de pisa de 
vermelha quendo sua mãe chegou em casa olhou para a sala via que 
ana não estava na sala foi para a cosinha.
[P] a sim que vio a fraze critou anaaaaa ela foi corendo e sua mãe 
falou o que e so eu não poso sair que você viro esa casa para Baixo
ana ficou de castigu e nunca mais ela feis iso.","Eu encontrei em cima do armário alguns potes com tinta. Então resolvi pintar na parede do meu quarto alguns animais. Tempo depois, quando voltei no quarto, não havia mais nenhuma pintura e as roupas da gaveta estavam espalhadas pelo chão.",7.0,7.650688
330,"[T] A menina que adorava o vento
[P] Era uma vez uma menina que adorava 
brincar no vento o dia todo que ventava ela ficava o dia
enteiro no quintal, mas só que no lugar onde ela morava
quase não ventava a maioria dos dias era ou ensolarado
ou uma leve chuva.
[P] Mas por sorte dela começou a ventar ela pegou
a bicicleta e foi correndo para a praça porque lá tem mui-
tas árvores então imaginou que teria muitas folhas pa
ra brincar e pular no meio.
[P] E quando chegou lá não estáva normal
porque as árvores estavão sem folhas, mas só
que não davia folhas no chão pois o vento já ti-
nha levao tudo e triste voutou para casa e
nunca mais foi tão ansiosa pelo vento.","Eu encontrei em cima do armário alguns potes com tinta. Então resolvi pintar na parede do meu quarto alguns animais. Tempo depois, quando voltei no quarto, não havia mais nenhuma pintura e as roupas da gaveta estavam espalhadas pelo chão.",6.0,7.9222956
680,"[T] O mistério do quarto de Bruna.
Em uma [X].uma menina chamada Bruna
estava em seu quarto dormindo, e derrepente 
acoda assustada com um barulho dentro de seu 
quarto. E Bruna olhou para o meio de seu 
quarto  e viu um animal bagunçando  sua 
gaveta de roupas, e desfazendo sua pintura que 
aunda estava [X]. Então, Bruna se levantou 
e foi ver se sua pintura estava muito estragada,
pois se não tivesse, refazia os pedaços da pintura.
Mais quando Bruna  foi ver, não tinha mais
nenhuma obra de arte, que esta menina tinha feito
na parede de seu quarto.
A menina não chegou a ver muito o animal.
Então, a menina procurou  pelo seu quarto o animal 
que fez esta bagunça, e Bruna não conseguiu
achar o animal.
Esta trajédia toda, fez Bruna ficar meio abalada,
[X] porque Bruna ficou horas e horas tentando
fazer com que o desenho ficasse do jeito em que 
planejava. Ela conseguu fazer, mais infelismente
lhe aconteceu isso.","Eu encontrei em cima do armário alguns potes com tinta. Então resolvi pintar na parede do meu quarto alguns animais. Tempo depois, quando voltei no quarto, não havia mais nenhuma pintura e as roupas da gaveta estavam espalhadas pelo chão.",8.5,8.606783
1035,"[T]A pintora Virgínia
[P] Virgínia estava pinlando um lindo quadro com muito amor e 
carinho e resolveu presentea sua mãe com este quadro, nele estava 
desenhadas linda flores. Em seguida, ela também decidiu fazer um
novo quadro com desenhos de cogumelos para presentea sua amiga.
Sua amiga ao receber o presente ficou muitos feliz e agradecida.
[P]Então Virgínia resolveu dar uma festa a fantasia e comvidar
todos os seu amigos para participar, ela falou que todos devem ir
com fantasias. Enquanto todos se organizavam, Virgínia foi or..
[X] o local [X]festa, ela pintou todas as paredes e deico-
u tudo muito lindo e colorido.
[P]Seus amigos ao chegar no local da festa ficaram emcantados
com tanta beleza, e se deverteram e brincaram , bastante, foe
muito legal e ficou na memória de todos este dia.","Eu encontrei em cima do armário alguns potes com tinta. Então resolvi pintar na parede do meu quarto alguns animais. Tempo depois, quando voltei no quarto, não havia mais nenhuma pintura e as roupas da gaveta estavam espalhadas pelo chão.",8.0,8.269933
976,"[T] texto: maria e VoVô
[P] bora para casa VoVô ó VoVô possa tipedi uma
coicinha eu posso brincar e dezenha com atista
pofavo VoVô a VoVô de se que sim a e maria de
se é ba a e maria feis outra cujeira a e
VoVô a rumol a cujeira a e maria foi toma
banho a maria já foi dormi e VoVô foi toma
banho a VoVô foi dormi e o galo canto cordoco e 
maria e VoVô a cordo maria foi Para Escola
a Professora falo de nó Vo o que [X] qurese VoCê
que se o que maria atista Professora mais Professora
eu [X] a é o mel aniVerçaril eu to compretando
10 ano e toco ora do rrequro a e Vor come maçan e 
[?] o cinal [X] bora Para casa e [X] brica a gor Vol
toma banho e a VoVô foi toma banho maria foi dorma e a
VoVô foi dormi.","Eu encontrei em cima do armário alguns potes com tinta. Então resolvi pintar na parede do meu quarto alguns animais. Tempo depois, quando voltei no quarto, não havia mais nenhuma pintura e as roupas da gaveta estavam espalhadas pelo chão.",4.0,7.0925627
