Question,Base_answer,Student_answer,Grade
"Qual é a capital do Brasil?","Brasília é a capital federal do Brasil, localizada no Distrito Federal. Foi projetada por Lúcio Costa e inaugurada em 1960 como sede do governo federal.","Brasília","9.5"
"Qual é a capital do Brasil?","Brasília é a capital federal do Brasil, localizada no Distrito Federal. Foi projetada por Lúcio Costa e inaugurada em 1960 como sede do governo federal.","A capital do Brasil é Brasília, que fica no Distrito Federal e foi construída em 1960.","8.5"
"Qual é a capital do Brasil?","Brasília é a capital federal do Brasil, localizada no Distrito Federal. Foi projetada por Lúcio Costa e inaugurada em 1960 como sede do governo federal.","Brasília fica no centro do país e é onde o presidente mora.","7.0"
"Qual é a capital do Brasil?","Brasília é a capital federal do Brasil, localizada no Distrito Federal. Foi projetada por Lúcio Costa e inaugurada em 1960 como sede do governo federal.","Não sei ao certo, acho que é São Paulo ou Rio de Janeiro.","2.5"
"Qual é a capital do Brasil?","Brasília é a capital federal do Brasil, localizada no Distrito Federal. Foi projetada por Lúcio Costa e inaugurada em 1960 como sede do governo federal.","A capital é Brasília.","9.0"
"Explique o ciclo da água","O ciclo da água é o processo contínuo de transformação da água na natureza. Começa com a evaporação da água de oceanos, rios e lagos pelo calor solar, formando vapor. Esse vapor sobe na atmosfera onde esfria e condensa, formando nuvens. Quando as gotas ficam pesadas, caem como precipitação (chuva, neve, granizo). A água então escorre pelos continentes em rios e córregos, retornando aos oceanos, completando o ciclo.","O ciclo da água começa quando o Sol aquece a água dos oceanos, transformando-a em vapor. Esse vapor sobe para a atmosfera, esfria e vira nuvem. Depois chove e a água volta aos oceanos.","8.5"
"Explique o ciclo da água","O ciclo da água é o processo contínuo de transformação da água na natureza. Começa com a evaporação da água de oceanos, rios e lagos pelo calor solar, formando vapor. Esse vapor sobe na atmosfera onde esfria e condensa, formando nuvens. Quando as gotas ficam pesadas, caem como precipitação (chuva, neve, granizo). A água então escorre pelos continentes em rios e córregos, retornando aos oceanos, completando o ciclo.","A água evapora e forma nuvens, depois chove.","5.5"
"Explique o ciclo da água","O ciclo da água é o processo contínuo de transformação da água na natureza. Começa com a evaporação da água de oceanos, rios e lagos pelo calor solar, formando vapor. Esse vapor sobe na atmosfera onde esfria e condensa, formando nuvens. Quando as gotas ficam pesadas, caem como precipitação (chuva, neve, granizo). A água então escorre pelos continentes em rios e córregos, retornando aos oceanos, completando o ciclo.","O ciclo da água: água do oceano vira vapor por causa do calor do sol, sobe para a atmosfera, esfria e vira água novamente formando nuvens, quando fica muito pesada cai como chuva, e essa água escorre nos rios voltando pro oceano. É um ciclo infinito.","9.0"
"Explique o ciclo da água","O ciclo da água é o processo contínuo de transformação da água na natureza. Começa com a evaporação da água de oceanos, rios e lagos pelo calor solar, formando vapor. Esse vapor sobe na atmosfera onde esfria e condensa, formando nuvens. Quando as gotas ficam pesadas, caem como precipitação (chuva, neve, granizo). A água então escorre pelos continentes em rios e córregos, retornando aos oceanos, completando o ciclo.","não entendi direito, mas acho que chuva né?","2.0"
"Qual é a função da mitocôndria?","A mitocôndria é a organela responsável pela respiração celular, onde ocorre a produção de energia na forma de ATP (adenosina trifosfato). Através de reações químicas, a mitocôndria quebra moléculas de glicose e produz energia que a célula utiliza para seus processos vitais.","A mitocôndria produz energia para a célula através da respiração celular, gerando ATP que é usado em vários processos celulares.","8.0"
"Qual é a função da mitocôndria?","A mitocôndria é a organela responsável pela respiração celular, onde ocorre a produção de energia na forma de ATP (adenosina trifosfato). Através de reações químicas, a mitocôndria quebra moléculas de glicose e produz energia que a célula utiliza para seus processos vitais.","Ela faz energia para as células. Produz ATP.","7.0"
"Qual é a função da mitocôndria?","A mitocôndria é a organela responsável pela respiração celular, onde ocorre a produção de energia na forma de ATP (adenosina trifosfato). Através de reações químicas, a mitocôndria quebra moléculas de glicose e produz energia que a célula utiliza para seus processos vitais.","É uma organela celular envolvida em processos energéticos, responsável pela respiração celular e síntese de ATP através do metabolismo de glicose e outros nutrientes. É fundamental para o funcionamento de praticamente todas as células eucariotas, especialmente aquelas com alto consumo de energia.","9.5"
"Qual é a função da mitocôndria?","A mitocôndria é a organela responsável pela respiração celular, onde ocorre a produção de energia na forma de ATP (adenosina trifosfato). Através de reações químicas, a mitocôndria quebra moléculas de glicose e produz energia que a célula utiliza para seus processos vitais.","Mitocôndria é o lugar onde a célula respira? Acho que sim.","3.5"
"Defina fotossíntese","A fotossíntese é o processo biológico em que plantas e outros organismos fotossintetizantes convertem luz solar, água e dióxido de carbono em glicose e oxigênio. Ocorre principalmente nas folhas através dos cloroplastos, onde a energia luminosa é convertida em energia química armazenada na forma de açúcares, produzindo oxigênio como subproduto.","A fotossíntese é o processo pelo qual as plantas usam luz do sol, água e CO2 para fazer seu próprio alimento (glicose) e liberar oxigênio.","8.5"
"Defina fotossíntese","A fotossíntese é o processo biológico em que plantas e outros organismos fotossintetizantes convertem luz solar, água e dióxido de carbono em glicose e oxigênio. Ocorre principalmente nas folhas através dos cloroplastos, onde a energia luminosa é convertida em energia química armazenada na forma de açúcares, produzindo oxigênio como subproduto.","Plantas usam luz para fazer comida e oxigênio.","6.0"
"Defina fotossíntese","A fotossíntese é o processo biológico em que plantas e outros organismos fotossintetizantes convertem luz solar, água e dióxido de carbono em glicose e oxigênio. Ocorre principalmente nas folhas através dos cloroplastos, onde a energia luminosa é convertida em energia química armazenada na forma de açúcares, produzindo oxigênio como subproduto.","É quando as plantas fazem alimento usando energia do sol.","7.5"
"Defina fotossíntese","A fotossíntese é o processo biológico em que plantas e outros organismos fotossintetizantes convertem luz solar, água e dióxido de carbono em glicose e oxigênio. Ocorre principalmente nas folhas através dos cloroplastos, onde a energia luminosa é convertida em energia química armazenada na forma de açúcares, produzindo oxigênio como subproduto.","Sei lá, algo sobre plantas e luz.","1.5"
"O que é a Revolução Francesa?","A Revolução Francesa foi um período de transformação social e política que ocorreu na França entre 1789 e 1799. Foi marcada pelo fim da monarquia absolutista e da sociedade estamental, estabelecimento dos direitos humanos e cidadania, criação de uma constituição, e mudanças profundas nas estruturas sociais, econômicas e políticas. Resultou na execução do rei Luís XVI e levou ao Reinado do Terror.","A Revolução Francesa foi um movimento importante que derrubou o governo absolutista e criou uma sociedade mais igualitária. Ocorreu no final dos anos 1700, mataram o rei e mudaram completamente a forma de governo na França.","7.5"
"O que é a Revolução Francesa?","A Revolução Francesa foi um período de transformação social e política que ocorreu na França entre 1789 e 1799. Foi marcada pelo fim da monarquia absolutista e da sociedade estamental, estabelecimento dos direitos humanos e cidadania, criação de uma constituição, e mudanças profundas nas estruturas sociais, econômicas e políticas. Resultou na execução do rei Luís XVI e levou ao Reinado do Terror.","Foi uma revolução que aconteceu na França entre 1789 e 1799, onde derrubaram a monarquia absolutista e estabeleceram ideias de liberdade, igualdade e fraternidade. Criaram uma constituição, mataram o rei Luís XVI, e houve uma época chamada Reinado do Terror. Mudou a estrutura social e levou à criação de direitos humanos e cidadania.","9.0"
"O que é a Revolução Francesa?","A Revolução Francesa foi um período de transformação social e política que ocorreu na França entre 1789 e 1799. Foi marcada pelo fim da monarquia absolutista e da sociedade estamental, estabelecimento dos direitos humanos e cidadania, criação de uma constituição, e mudanças profundas nas estruturas sociais, econômicas e políticas. Resultou na execução do rei Luís XVI e levou ao Reinado do Terror.","Revolução francesa foi algo importante que aconteceu lá.","2.0"
"Qual é a fórmula da velocidade?","A velocidade é calculada pela fórmula V = ΔS/Δt, onde V é a velocidade, ΔS é a variação de espaço ou distância percorrida, e Δt é a variação de tempo. A velocidade é medida em unidades como metros por segundo (m/s) ou quilômetros por hora (km/h).","A velocidade é igual à distância dividida pelo tempo. A fórmula é V = ΔS/Δt, onde ΔS é o deslocamento e Δt é o tempo gasto.","9.0"
"Qual é a fórmula da velocidade?","A velocidade é calculada pela fórmula V = ΔS/Δt, onde V é a velocidade, ΔS é a variação de espaço ou distância percorrida, e Δt é a variação de tempo. A velocidade é medida em unidades como metros por segundo (m/s) ou quilômetros por hora (km/h).","V = distância sobre tempo.","6.5"
"Qual é a fórmula da velocidade?","A velocidade é calculada pela fórmula V = ΔS/Δt, onde V é a velocidade, ΔS é a variação de espaço ou distância percorrida, e Δt é a variação de tempo. A velocidade é medida em unidades como metros por segundo (m/s) ou quilômetros por hora (km/h).","Velocidade = espaço dividido pelo tempo. Quanto maior a distância e menor o tempo, maior a velocidade.","7.5"
"Qual é a fórmula da velocidade?","A velocidade é calculada pela fórmula V = ΔS/Δt, onde V é a velocidade, ΔS é a variação de espaço ou distância percorrida, e Δt é a variação de tempo. A velocidade é medida em unidades como metros por segundo (m/s) ou quilômetros por hora (km/h).","Não lembro direito, mas é algo com movimento.","1.5"
"Qual é a importância da biodiversidade?","A biodiversidade é crucial para a sobrevivência dos ecossistemas e da humanidade. Ela permite o equilíbrio dos ecossistemas, fornece recursos naturais como alimentos e medicinas, melhora a qualidade do ar e da água, regula o clima, e oferece resistência a doenças e pragas. Além disso, diferentes espécies e genes são fundamentais para pesquisas científicas e desenvolvimento de novas tecnologias.","A biodiversidade é importante porque mantém o equilíbrio nos ecossistemas. Sem ela, plantas e animais desaparecem, o que afeta a qualidade do ar, da água e dos alimentos que consumimos. Também fornece medicinas e outras substâncias úteis.","8.0"
"Qual é a importância da biodiversidade?","A biodiversidade é crucial para a sobrevivência dos ecossistemas e da humanidade. Ela permite o equilíbrio dos ecossistemas, fornece recursos naturais como alimentos e medicinas, melhora a qualidade do ar e da água, regula o clima, e oferece resistência a doenças e pragas. Além disso, diferentes espécies e genes são fundamentais para pesquisas científicas e desenvolvimento de novas tecnologias.","Biodiversidade importante para natureza e para gente também porque tem comida e outras coisas.","5.0"
"Qual é a importância da biodiversidade?","A biodiversidade é crucial para a sobrevivência dos ecossistemas e da humanidade. Ela permite o equilíbrio dos ecossistemas, fornece recursos naturais como alimentos e medicinas, melhora a qualidade do ar e da água, regula o clima, e oferece resistência a doenças e pragas. Além disso, diferentes espécies e genes são fundamentais para pesquisas científicas e desenvolvimento de novas tecnologias.","Diversidade biológica preserva espécies, mantém ecossistemas balanceados, fornece alimentos, medicinas, matérias-primas, e como resultado melhor qualidade de vida. Também importante para pesquisa científica, desenvolvimento tecnológico, e resistência a pragas e doenças.","9.5"
